{
    "timestamp": "20251121_173226",
    "random_forest": {
        "mse": 0.0018671417067350961,
        "mae": 0.009396683698069432,
        "r2_score": 0.999999926978554,
        "rmse": 0.04321043516021444
    },
    "gradient_boosting": {
        "mse": 0.7656948248871324,
        "mae": 0.7726472156578488,
        "r2_score": 0.9999700546867591,
        "rmse": 0.8750398990258287
    },
    "inventory_summary": {
        "total_items": 69171,
        "understock": 21253,
        "overstock": 0,
        "optimal": 47918
    }
}